1	0.250
2	0.250
3	0.250
4	0.250
5	0.250
6	0.250
7	0.250
8	0.250
9	0.250
10	0.250
11	0.250
12	0.250
13	0.500
14	0.250
15	0.250
16	0.250
17	0.250
18	0.250
19	0.250
20	0.250
21	0.250
22	0.250
23	0.250
24	0.250
25	0.250
26	0.250
27	0.250
28	0.500
29	0.500
30	0.500
31	0.500
32	0.500
33	0.500
34	0.500
35	0.500
36	0.500
37	0.500
38	0.500
39	0.500
40	0.500
41	0.500
42	0.500
43	0.500
44	0.750
45	0.500
46	0.500
47	0.750
48	0.500
49	0.500
50	0.500
51	0.500
52	0.500
53	0.500
54	0.500
55	0.500
56	0.500
57	0.500
58	0.500
59	0.500
60	0.500
61	0.500
62	0.500
63	0.500
64	0.500
65	0.500
66	0.500
67	0.500
68	0.500
69	0.500
70	0.500
71	0.500
72	0.500
73	0.750
74	0.750
75	0.500
76	0.500
77	1.000
78	0.500
79	0.500
80	0.750
81	0.750
82	0.500
83	0.750
84	0.500
85	0.500
86	0.750
87	0.500
88	0.500
89	0.500
90	0.500
91	0.500
92	0.250
93	0.250
94	0.250
95	0.250
96	0.250
97	0.500
98	0.250
99	0.250
100	0.250
101	0.250
102	0.250
103	0.250
104	0.250
105	0.250
106	0.250
107	0.250
108	0.250
109	0.250
110	0.250
111	0.250
112	0.500
113	0.500
114	0.250
115	0.250
116	0.500
117	0.250
118	0.250
119	0.250
120	0.250
121	0.250
122	0.250
123	0.250
124	0.500
125	0.500
126	0.500
127	0.500
128	0.500
129	0.500
130	0.500
131	0.500
132	0.500
133	0.500
134	0.500
135	0.500
136	0.500
137	0.500
138	0.500
139	0.500
140	0.500
141	0.500
142	0.500
143	0.500
144	0.500
145	0.500
146	0.500
147	0.500
148	0.500
149	0.500
150	0.500
151	0.500
152	0.500
153	0.500
154	0.500
155	0.500
156	0.750
157	0.500
158	0.250
159	0.250
160	0.250
161	0.250
162	0.250
163	0.250
164	0.250
165	0.250
166	0.250
167	0.250
168	0.250
169	0.250
170	0.500
171	0.250
172	0.250
173	0.250
174	0.250
175	0.250
176	0.500
177	0.500
178	0.250
179	0.250
180	0.500
181	0.250
182	0.250
183	0.250
184	0.250
185	0.250
186	0.250
187	0.250
188	0.250
189	0.250
190	0.250
191	0.250
192	0.250
193	0.250
194	0.250
195	0.250
196	0.250
197	0.500
198	0.250
199	0.250
200	0.250
201	0.250
202	0.250
203	0.250
204	0.250
205	0.500
206	0.250
207	0.250
208	0.250
209	0.250
210	0.250
211	0.250
212	0.250
213	0.250
214	0.250
215	0.250
216	0.250
217	0.250
218	0.250
219	0.250
220	0.250
221	0.500
222	0.250
223	0.250
224	0.500
225	0.500
226	0.500
227	0.500
228	0.500
229	0.500
230	0.250
231	0.250
232	0.250
233	0.250
234	0.250
235	0.250
236	0.250
237	0.250
238	0.250
239	0.250
240	0.250
241	0.250
242	0.250
243	0.250
244	0.250
245	0.500
246	0.250
247	0.250
248	0.500
249	0.250
250	0.250
251	0.250
252	0.250
253	0.250
254	0.250
255	0.250
256	0.250
257	0.250
258	0.250
259	0.250
260	0.500
261	0.250
262	0.250
263	0.250
264	0.250
265	0.250
266	0.250
267	0.250
268	0.250
269	0.500
270	0.250
271	0.250
272	0.250
273	0.250
274	0.250
275	0.250
276	0.250
277	0.250
278	0.250
279	0.250
280	0.250
281	0.250
282	0.250
283	0.250
284	0.250
285	0.250
286	0.250
287	0.250
288	0.250
289	0.250
290	0.250
291	0.250
292	0.250
293	0.250
294	0.250
295	0.250
296	0.250
297	0.250
298	0.250
299	0.250
300	0.250
301	0.250
302	0.250
303	0.250
304	0.250
305	0.500
306	0.250
307	0.250
308	0.250
309	0.250
310	0.250
311	0.250
312	0.250
313	0.250
314	0.250
315	0.250
316	0.250
317	0.250
318	0.250
319	0.250
320	0.250
321	0.250
322	0.250
323	0.250
324	0.250
325	0.250
326	0.500
327	0.250
328	0.250
329	0.250
330	0.250
331	0.250
332	0.250
333	0.250
334	0.250
335	0.250
336	0.250
337	0.250
338	0.250
339	0.250
340	0.250
341	0.250
342	0.250
343	0.250
344	0.250
345	0.250
346	0.250
347	0.250
348	0.250
349	0.250
350	0.250
351	0.250
352	0.250
353	0.250
354	0.250
355	0.250
356	0.500
357	0.250
358	0.250
359	0.250
360	0.250
361	0.250
362	0.250
363	0.250
364	0.250
365	0.250
366	0.250
367	0.250
368	0.250
369	0.250
370	0.250
371	0.250
372	0.250
373	0.250
374	0.250
375	0.250
376	0.250
377	0.250
378	0.250
379	0.250
380	0.250
381	0.250
382	0.250
383	0.250
384	0.250
385	0.250
386	0.250
387	0.250
388	0.250
389	0.250
390	0.250
391	0.250
392	0.250
393	0.250
394	0.250
395	0.250
396	0.250
397	0.250
398	0.250
399	0.250
400	0.500
401	0.250
402	0.250
403	0.250
404	0.250
405	0.250
406	0.250
407	0.250
408	0.250
409	0.250
410	0.250
411	0.250
412	0.250
413	0.250
414	0.250
415	0.250
416	0.250
417	0.250
418	0.250
419	0.250
420	0.250
421	0.250
422	0.250
423	0.250
424	0.250
425	0.250
426	0.250
427	0.250
428	0.250
429	0.250
430	0.250
431	0.250
432	0.250
433	0.500
434	0.250
435	0.250
436	0.250
437	0.250
438	0.250
439	0.250
440	0.250
441	0.250
442	0.250
443	0.500
444	0.500
445	0.500
446	0.750
447	0.500
448	0.500
449	0.500
450	0.500
451	0.500
452	0.500
453	0.000
454	0.250
455	0.000
456	0.000
457	0.000
458	0.000
459	0.500
460	0.250
461	0.000
462	0.000
463	0.000
464	0.250
465	0.000
466	0.000
467	0.000
468	0.000
469	0.000
470	0.000
471	0.000
472	0.000
473	0.000
474	0.000
475	0.250
476	0.000
477	0.250
478	0.000
479	0.000
480	0.000
481	0.000
482	0.000
483	0.000
484	0.000
485	0.000
486	0.000
487	0.000
488	0.250
489	0.250
490	0.250
491	0.500
492	0.500
493	0.500
494	0.000
495	0.250
496	0.000
497	0.000
498	0.000
499	0.000
500	0.000
501	0.000
502	0.000
503	0.000
504	0.000
505	0.000
506	0.000
507	0.000
508	0.250
509	0.250
510	0.250
511	0.250
512	0.000
513	0.000
514	0.000
515	0.000
516	0.000
517	0.000
518	0.250
519	0.250
520	0.250
521	0.250
522	0.250
523	0.250
524	0.250
525	0.250
526	0.250
527	0.250
528	0.250
529	0.250
530	0.250
531	0.250
532	0.250
533	0.250
534	0.250
535	0.250
536	0.250
537	0.250
538	0.250
539	0.250
540	0.250
541	0.250
542	0.250
543	0.250
544	0.250
545	0.250
546	0.250
547	0.250
548	0.250
549	0.250
550	0.250
551	0.250
552	0.250
553	0.250
554	0.250
555	0.250
556	0.250
557	0.250
558	0.250
559	0.250
560	0.250
561	0.000
562	0.000
563	0.000
564	0.000
565	0.000
566	0.250
567	0.250
568	0.250
569	0.000
570	0.000
571	0.250
572	0.000
573	0.000
574	0.000
575	0.250
576	0.250
577	0.250
578	0.000
579	0.250
580	0.000
581	0.000
582	0.000
583	0.000
584	0.000
585	0.000
586	0.000
587	0.000
588	0.000
589	0.000
590	0.000
591	0.250
592	0.000
593	0.000
594	0.000
595	0.000
596	0.000
597	0.000
598	0.000
599	0.000
600	0.000
601	0.000
602	0.000
603	0.000
604	0.000
605	0.000
606	0.000
607	0.000
608	0.000
609	0.000
610	0.000
611	0.000
612	0.000
613	0.000
614	0.000
615	0.000
616	0.000
617	0.000
618	0.000
619	0.000
620	0.000
621	0.000
622	0.000
623	0.000
624	0.000
625	0.000
626	0.000
627	0.000
628	0.000
629	0.000
630	0.000
631	0.000
632	0.000
633	0.000
634	0.000
635	0.000
636	0.000
637	0.000
638	0.000
639	0.000
640	0.000
641	0.000
642	0.000
643	0.000
644	0.000
645	0.000
646	0.000
647	0.000
648	0.000
649	0.250
650	0.000
651	0.000
652	0.000
653	0.250
654	0.250
655	0.250
656	0.000
657	0.000
658	0.000
659	0.500
660	0.000
661	0.000
662	0.000
663	0.000
664	0.000
665	0.250
666	0.000
667	0.250
668	0.250
669	0.250
670	0.000
671	0.000
672	0.000
673	0.000
674	0.000
675	0.000
676	0.000
677	0.000
678	0.000
679	0.000
680	0.000
681	0.000
682	0.000
683	0.250
684	0.000
685	0.000
686	0.250
687	0.000
688	0.000
689	0.000
690	0.000
691	0.000
692	0.000
693	0.000
694	0.000
695	0.000
696	0.000
697	0.000
698	0.000
699	0.000
700	0.000
701	0.000
702	0.000
703	0.000
704	0.000
705	0.000
706	0.000
707	0.250
708	0.250
709	0.250
710	0.250
711	0.250
712	0.250
713	0.250
714	0.500
715	0.250
716	0.250
717	0.250
718	0.250
719	0.250
720	0.250
721	0.250
722	0.250
723	0.500
724	0.250
725	0.250
726	0.250
727	0.250
728	0.250
729	0.250
730	0.250
731	0.250
732	0.250
733	0.250
734	0.250
735	0.250
736	0.250
737	0.250
738	0.250
739	0.250
740	0.250
741	0.250
742	0.250
743	0.250
744	0.250
745	0.250
746	0.500
747	0.500
748	0.500
749	0.500
750	0.500
751	0.500
752	0.500
753	0.500
754	0.750
755	0.250
756	0.250
757	0.250
758	0.250
759	0.250
760	0.250
761	0.250
762	0.250
763	0.250
764	0.250
765	0.250
766	0.250
767	0.250
768	0.250
769	0.250
770	0.250
771	0.250
772	0.250
773	0.250
774	0.250
775	0.250
776	0.500
777	0.250
778	0.250
779	0.500
780	0.250
781	0.250
782	0.250
783	0.250
784	0.250
785	0.250
786	0.250
787	0.250
788	0.250
789	0.250
790	0.500
791	0.250
792	0.250
793	0.250
794	0.250
795	0.250
796	0.250
797	0.250
798	0.250
799	0.250
800	0.250
801	0.250
802	0.250
803	0.250
804	0.250
805	0.250
806	0.250
807	0.250
808	0.250
809	0.250
810	0.250
811	0.250
812	0.500
813	0.250
814	0.250
815	0.500
816	0.250
817	0.250
818	0.250
819	0.250
820	0.250
821	0.250
822	0.250
823	0.250
824	0.250
825	0.250
826	0.250
827	0.250
828	0.250
829	0.250
830	0.250
831	0.250
832	0.250
833	0.250
834	0.250
835	0.250
836	0.250
837	0.250
838	0.250
839	0.250
840	0.250
841	0.250
842	0.250
843	0.250
844	0.250
845	0.250
846	0.250
847	0.500
848	0.250
849	0.250
850	0.250
851	0.250
852	0.250
853	0.250
854	0.250
855	0.250
856	0.250
857	0.250
858	0.250
859	0.250
860	0.250
861	0.250
862	0.250
863	0.250
864	0.250
865	0.250
866	0.250
867	0.250
868	0.250
869	0.250
870	0.250
871	0.250
872	0.250
873	0.250
874	0.250
875	0.250
876	0.250
877	0.250
878	0.250
879	0.250
880	0.250
881	0.250
882	0.250
883	0.250
884	0.250
885	0.250
886	0.250
887	0.250
888	0.250
889	0.250
890	0.250
891	0.250
892	0.250
893	0.250
894	0.250
895	0.250
896	0.250
897	0.250
898	0.250
899	0.250
900	0.250
901	0.250
902	0.250
903	0.250
904	0.250
905	0.250
906	0.250
907	0.250
908	0.250
909	0.250
910	0.250
911	0.250
912	0.250
913	0.250
914	0.250
915	0.250
916	0.250
917	0.250
918	0.250
919	0.250
920	0.250
921	0.250
922	0.250
923	0.250
924	0.250
925	0.250
926	0.250
927	0.250
928	0.250
929	0.250
930	0.250
931	0.250
932	0.250
933	0.250
934	0.250
935	0.250
936	0.250
937	0.250
938	0.250
939	0.500
940	0.250
941	0.250
942	0.250
943	0.250
944	0.250
945	0.500
946	0.250
947	0.250
948	0.250
949	0.250
950	0.250
951	0.250
952	0.250
953	0.250
954	0.250
955	0.250
956	0.250
957	0.250
958	0.250
959	0.250
960	0.250
961	0.250
962	0.250
963	0.250
964	0.250
965	0.250
966	0.250
967	0.250
968	0.250
969	0.250
970	0.250
971	0.250
972	0.250
973	0.250
974	0.250
975	0.250
976	0.250
977	0.250
978	0.250
979	0.250
980	0.250
981	0.250
982	0.250
983	0.250
984	0.250
985	0.250
986	0.250
987	0.250
988	0.250
989	0.250
990	0.250
991	0.250
992	0.250
993	0.250
994	0.250
995	0.250
996	0.250
997	0.250
998	0.250
999	0.250
1000	0.250
1001	0.250
1002	0.250
1003	0.250
1004	0.250
1005	0.250
1006	0.250
1007	0.250
1008	0.250
1009	0.250
1010	0.250
1011	0.250
1012	0.250
1013	0.250
1014	0.250
1015	0.500
1016	0.250
1017	0.250
1018	0.250
1019	0.250
1020	0.250
1021	0.250
1022	0.250
1023	0.250
1024	0.250
1025	0.250
1026	0.500
1027	0.250
1028	0.250
1029	0.250
1030	0.250
1031	0.250
1032	0.250
1033	0.250
1034	0.250
1035	0.250
1036	0.500
1037	0.500
1038	0.000
1039	0.000
1040	0.000
1041	0.000
1042	0.000
1043	0.000
1044	0.000
1045	0.000
1046	0.000
1047	0.000
1048	0.000
1049	0.000
1050	0.000
1051	0.000
1052	0.000
1053	0.000
1054	0.000
1055	0.000
1056	0.250
1057	0.000
1058	0.500
1059	0.000
1060	0.000
1061	0.000
1062	0.000
1063	0.000
1064	0.000
1065	0.000
1066	0.000
1067	0.000
1068	0.000
1069	0.000
1070	0.000
1071	0.000
1072	0.000
1073	0.000
1074	0.000
1075	0.250
1076	0.000
1077	0.000
1078	0.000
1079	0.000
1080	0.000
1081	0.000
1082	0.000
1083	0.000
1084	0.250
1085	0.250
1086	0.250
1087	0.250
1088	0.500
1089	0.250
1090	0.250
1091	0.250
1092	0.250
1093	0.250
1094	0.250
1095	0.250
1096	0.250
1097	0.250
1098	0.250
1099	0.250
1100	0.250
1101	0.250
1102	0.250
1103	0.250
1104	0.250
1105	0.250
1106	0.250
1107	0.250
1108	0.250
1109	0.250
1110	0.250
1111	0.250
1112	0.250
1113	0.250
1114	0.250
1115	0.250
1116	0.250
1117	0.250
1118	0.250
1119	0.250
1120	0.500
1121	0.250
1122	0.250
1123	0.500
1124	0.250
1125	0.250
1126	0.250
1127	0.250
1128	0.250
1129	0.250
1130	0.250
1131	0.250
1132	0.250
1133	0.500
1134	0.250
1135	0.250
1136	0.250
1137	0.250
1138	0.500
1139	0.250
1140	0.250
1141	0.250
1142	0.250
1143	0.250
1144	0.250
1145	0.500
1146	0.250
1147	0.500
1148	0.250
1149	0.250
1150	0.250
1151	0.250
1152	0.250
1153	0.250
1154	0.250
1155	0.250
1156	0.250
1157	0.250
1158	0.250
1159	0.250
1160	0.250
1161	0.250
1162	0.250
1163	0.250
1164	0.250
1165	0.250
1166	0.250
1167	0.250
1168	0.250
1169	0.250
1170	0.250
1171	0.250
1172	0.500
1173	0.250
1174	0.250
1175	0.250
1176	0.250
1177	0.250
1178	0.250
1179	0.000
1180	0.000
1181	0.000
1182	0.000
1183	0.000
1184	0.000
1185	0.000
1186	0.000
1187	0.250
1188	0.250
1189	0.250
1190	0.250
1191	0.250
1192	0.250
1193	0.250
1194	0.250
1195	0.250
1196	0.250
1197	0.250
1198	0.250
1199	0.250
1200	0.250
1201	0.250
1202	0.250
1203	0.250
1204	0.250
1205	0.000
1206	0.000
1207	0.000
1208	0.000
1209	0.000
1210	0.000
1211	0.000
1212	0.000
1213	0.000
1214	0.000
1215	0.000
1216	0.000
1217	0.000
1218	0.000
1219	0.000
1220	0.000
1221	0.000
1222	0.000
1223	0.000
1224	0.000
1225	0.000
1226	0.000
1227	0.000
1228	0.000
1229	0.250
1230	0.000
1231	0.000
1232	0.000
1233	0.000
1234	0.250
1235	0.000
1236	0.000
1237	0.000
1238	0.000
1239	0.000
1240	0.000
1241	0.000
1242	0.000
1243	0.000
1244	0.000
1245	0.500
1246	0.250
1247	0.250
1248	0.250
1249	0.250
1250	0.250
1251	0.500
1252	0.250
1253	0.250
1254	0.250
1255	0.250
1256	0.250
1257	0.250
1258	0.250
1259	0.250
1260	0.250
1261	0.250
1262	0.250
1263	0.250
1264	0.250
1265	0.250
1266	0.250
1267	0.250
1268	0.250
1269	0.250
1270	0.250
1271	0.500
1272	0.500
1273	0.250
1274	0.250
1275	0.250
1276	0.250
1277	0.250
1278	0.250
1279	0.250
1280	0.250
1281	0.250
1282	0.250
1283	0.250
1284	0.250
1285	0.250
1286	0.250
1287	0.250
1288	0.250
1289	0.250
1290	0.250
1291	0.250
1292	0.250
1293	0.250
1294	0.250
1295	0.250
1296	0.250
1297	0.250
1298	0.250
1299	0.250
1300	0.250
1301	0.250
1302	0.250
1303	0.250
1304	0.250
1305	0.250
1306	0.250
1307	0.250
1308	0.250
1309	0.250
1310	0.250
1311	0.250
1312	0.250
1313	0.250
1314	0.250
1315	0.250
1316	0.250
1317	0.250
1318	0.250
1319	0.250
1320	0.250
1321	0.250
1322	0.250
1323	0.250
1324	0.500
1325	0.250
1326	0.250
1327	0.250
1328	0.250
1329	0.250
1330	0.250
1331	0.250
1332	0.250
1333	0.250
1334	0.250
1335	0.250
1336	0.250
1337	0.250
1338	0.250
1339	0.250
1340	0.250
1341	0.750
1342	0.250
1343	0.250
1344	0.250
1345	0.250
1346	0.250
1347	0.250
1348	0.250
1349	0.250
1350	0.250
1351	0.250
1352	0.750
1353	0.250
1354	0.500
1355	1.000
1356	0.250
1357	0.500
1358	0.250
1359	0.250
1360	0.250
1361	0.250
1362	0.250
1363	0.250
1364	0.250
1365	0.250
1366	0.500
1367	0.250
1368	0.250
1369	0.500
1370	0.250
1371	0.250
1372	0.250
1373	0.250
1374	0.250
1375	0.500
1376	0.750
1377	0.250
1378	0.250
1379	0.250
1380	0.250
1381	0.250
1382	0.250
1383	0.250
1384	0.250
1385	0.500
1386	0.500
1387	0.750
1388	0.250
1389	0.500
1390	0.250
1391	0.250
1392	0.250
1393	0.250
1394	0.250
1395	0.250
1396	0.250
1397	0.250
1398	0.250
1399	0.250
1400	0.250
1401	0.750
1402	0.250
1403	0.250
1404	0.250
1405	0.250
1406	0.250
1407	0.250
1408	0.250
1409	0.250
1410	0.250
1411	0.250
1412	0.250
1413	0.250
1414	0.250
1415	0.250
1416	0.250
1417	0.250
1418	0.250
1419	0.250
1420	0.250
1421	0.250
1422	0.250
1423	0.250
1424	0.250
1425	0.250
1426	0.250
1427	0.250
1428	0.250
1429	0.250
1430	0.250
1431	0.250
1432	0.250
1433	0.250
1434	0.250
1435	0.250
1436	0.250
1437	0.250
1438	0.250
1439	0.250
1440	0.250
1441	0.250
1442	0.250
1443	0.250
1444	0.250
1445	0.500
1446	0.250
1447	0.250
1448	0.250
1449	0.250
1450	0.250
1451	0.500
1452	0.250
1453	0.250
1454	1.000
1455	0.250
1456	0.250
1457	0.250
1458	0.250
1459	0.250
1460	0.250
1461	0.250
1462	0.250
1463	0.250
1464	0.500
1465	0.250
1466	0.250
1467	0.500
1468	0.500
1469	0.500
1470	0.250
1471	0.500
1472	0.500
1473	0.250
1474	0.250
1475	0.250
1476	0.250
1477	0.750
1478	0.500
1479	0.250
1480	0.500
1481	0.250
1482	0.250
1483	0.250
1484	0.250
1485	0.250
1486	0.250
1487	0.250
1488	0.250
1489	0.250
1490	0.500
1491	0.250
1492	0.250
1493	0.250
1494	0.250
1495	0.250
1496	0.250
1497	0.250
1498	0.500
1499	0.500
1500	0.250
1501	0.250
1502	0.250
1503	0.250
1504	0.250
1505	0.250
1506	0.250
1507	0.250
1508	0.250
1509	0.250
1510	0.250
1511	0.250
1512	0.250
1513	0.250
1514	0.500
1515	0.250
1516	0.250
1517	0.250
1518	0.250
1519	0.250
1520	0.250
1521	0.250
1522	0.500
1523	0.250
1524	0.250
1525	0.250
1526	0.250
1527	0.250
1528	0.250
1529	0.250
1530	0.250
1531	0.250
1532	0.250
1533	0.250
1534	0.500
1535	0.250
1536	0.250
1537	0.250
1538	0.250
1539	0.250
1540	0.250
1541	0.250
1542	0.250
1543	0.250
1544	0.250
1545	0.250
1546	0.250
1547	0.250
1548	0.250
1549	0.250
1550	0.250
1551	0.250
1552	0.250
1553	0.250
1554	0.250
1555	0.250
1556	0.250
1557	0.250
1558	0.250
1559	0.250
1560	0.250
1561	0.250
1562	0.250
1563	0.250
1564	0.250
1565	0.250
1566	0.250
1567	0.250
1568	0.250
1569	0.250
1570	0.250
1571	0.250
1572	0.250
1573	0.250
1574	0.250
1575	0.250
1576	0.250
1577	0.250
1578	0.250
1579	0.250
1580	0.250
1581	0.250
1582	0.500
1583	0.250
1584	0.250
1585	0.250
1586	0.250
1587	0.250
1588	0.250
1589	0.250
1590	0.250
1591	0.250
1592	0.250
1593	0.250
1594	0.250
1595	0.250
1596	0.250
1597	0.250
1598	0.250
1599	0.250
1600	0.250
1601	0.250
1602	0.250
1603	0.250
1604	0.000
1605	0.000
1606	0.000
1607	0.000
1608	0.000
1609	0.000
1610	0.000
1611	0.000
1612	0.000
1613	0.000
1614	0.000
1615	0.000
1616	0.000
1617	0.000
1618	0.000
1619	0.000
1620	0.000
1621	0.000
1622	0.000
1623	0.000
1624	0.000
1625	0.000
1626	0.000
1627	0.000
1628	0.000
1629	0.000
1630	0.000
1631	0.000
1632	0.000
1633	0.000
1634	0.000
1635	0.000
1636	0.000
1637	0.000
1638	0.000
1639	0.000
1640	0.000
1641	0.000
1642	0.000
1643	0.000
1644	0.000
1645	0.000
1646	0.000
1647	0.000
1648	0.000
1649	0.000
1650	0.000
1651	0.000
1652	0.000
1653	0.000
1654	0.000
1655	0.000
1656	0.000
1657	0.000
1658	0.000
1659	0.000
1660	0.000
1661	0.000
1662	0.000
1663	0.000
1664	0.000
1665	0.000
1666	0.000
1667	0.000
1668	0.000
1669	0.000
1670	0.000
1671	0.000
1672	0.000
1673	0.000
1674	0.000
1675	0.000
1676	0.000
1677	0.000
1678	0.000
1679	0.000
1680	0.000
1681	0.250
1682	0.000
1683	0.000
1684	0.000
1685	0.000
1686	0.000
1687	0.000
1688	0.000
1689	0.000
1690	0.000
1691	0.000
1692	0.000
1693	0.000
1694	0.000
1695	0.000
1696	0.000
1697	0.000
1698	0.250
1699	0.000
1700	0.000
1701	0.000
1702	0.000
1703	0.000
1704	0.000
1705	0.000
1706	0.000
1707	0.000
1708	0.000
1709	0.000
1710	0.000
1711	0.000
1712	0.000
1713	0.000
1714	0.000
1715	0.000
1716	0.000
1717	0.000
1718	0.000
1719	0.000
1720	0.000
1721	0.000
1722	0.000
1723	0.000
1724	0.000
1725	0.000
1726	0.000
1727	0.000
1728	0.000
1729	0.000
1730	0.500
1731	0.000
1732	0.000
1733	0.000
1734	0.000
1735	0.000
1736	0.250
1737	0.000
1738	0.000
1739	0.000
1740	0.000
1741	0.000
1742	0.000
1743	0.250
1744	0.000
1745	0.000
1746	0.000
1747	0.000
1748	0.000
1749	0.000
1750	0.000
1751	0.000
1752	0.000
1753	0.000
1754	0.000
1755	0.000
1756	0.000
1757	0.000
1758	0.000
1759	0.000
1760	0.000
1761	0.000
1762	0.000
1763	0.000
1764	0.000
1765	0.000
1766	0.000
1767	0.000
1768	0.000
1769	0.000
1770	0.250
1771	0.000
1772	0.000
1773	0.000
1774	0.000
1775	0.000
1776	0.000
1777	0.000
1778	0.000
1779	0.000
1780	0.000
1781	0.000
1782	0.000
1783	0.000
1784	0.000
1785	0.000
1786	0.000
1787	0.000
1788	0.000
1789	0.000
1790	0.000
1791	0.000
1792	0.000
1793	0.000
1794	0.000
1795	0.000
1796	0.000
1797	0.000
1798	0.000
1799	0.000
1800	0.250
1801	0.000
1802	0.000
1803	0.000
1804	0.000
1805	0.000
1806	0.000
1807	0.000
1808	0.000
1809	0.000
1810	0.000
1811	0.000
1812	0.000
1813	0.000
1814	0.000
1815	0.000
1816	0.000
1817	0.000
1818	0.000
1819	0.000
1820	0.000
1821	0.000
1822	0.000
1823	0.000
1824	0.000
1825	0.000
1826	0.000
1827	0.000
1828	0.000
1829	0.000
1830	0.000
1831	0.000
1832	0.000
1833	0.000
1834	0.000
1835	0.000
1836	0.000
1837	0.000
1838	0.000
1839	0.000
1840	0.000
1841	0.000
1842	0.000
1843	0.000
1844	0.000
1845	0.000
1846	0.000
1847	0.000
1848	0.000
1849	0.000
1850	0.000
1851	0.000
1852	0.000
1853	0.000
1854	0.000
1855	0.000
1856	0.000
1857	0.000
1858	0.000
1859	0.000
1860	0.500
1861	0.000
1862	0.250
1863	0.000
1864	0.000
1865	0.000
1866	0.000
1867	0.000
1868	0.000
1869	0.000
1870	0.000
1871	0.000
1872	0.000
1873	0.000
1874	0.000
1875	0.000
1876	0.000
1877	0.000
1878	0.000
1879	0.000
1880	0.000
1881	0.000
1882	0.250
1883	0.000
1884	0.000
1885	0.000
1886	0.000
1887	0.000
1888	0.000
1889	0.000
1890	0.000
1891	0.000
1892	0.000
1893	0.000
1894	0.000
1895	0.000
1896	0.000
1897	0.000
1898	0.000
1899	0.000
1900	0.000
1901	0.000
1902	0.000
1903	0.000
1904	0.000
1905	0.000
1906	0.000
1907	0.000
1908	0.000
1909	0.000
1910	0.000
1911	0.000
1912	0.000
1913	0.000
1914	0.000
1915	0.000
1916	0.000
1917	0.000
1918	0.000
1919	0.000
1920	0.000
1921	0.000
1922	0.000
1923	0.000
1924	0.000
1925	0.000
1926	0.000
1927	0.000
1928	0.000
1929	0.000
1930	0.000
1931	0.000
1932	0.000
1933	0.000
1934	0.000
1935	0.000
1936	0.000
1937	0.000
1938	0.000
1939	0.000
1940	0.000
1941	0.000
1942	0.000
1943	0.000
1944	0.000
1945	0.000
1946	0.000
1947	0.000
1948	0.000
1949	0.000
1950	0.000
1951	0.000
1952	0.000
1953	0.000
1954	0.000
1955	0.000
1956	0.000
1957	0.000
1958	0.000
1959	0.000
1960	0.000
1961	0.000
1962	0.000
1963	0.000
1964	0.000
1965	0.000
1966	0.000
1967	0.000
1968	0.000
1969	0.000
1970	0.000
1971	0.000
1972	0.000
1973	0.000
1974	0.000
1975	0.000
1976	0.000
1977	0.000
1978	0.000
1979	0.000
1980	0.000
1981	0.000
1982	0.000
1983	0.000
1984	0.250
1985	0.000
1986	0.000
1987	0.000
1988	0.000
1989	0.000
1990	0.000
1991	0.000
1992	0.000
1993	0.000
1994	0.250
1995	0.000
1996	0.000
1997	0.000
1998	0.250
1999	0.000
2000	0.000
2001	0.000
2002	0.000
2003	0.000
2004	0.000
2005	0.000
2006	0.000
2007	0.000
2008	0.000
2009	0.000
2010	0.000
2011	0.250
2012	0.250
2013	0.250
2014	0.250
2015	0.250
2016	0.250
2017	0.250
2018	0.250
2019	0.250
2020	0.250
2021	0.250
2022	0.250
2023	0.250
2024	0.250
2025	0.250
2026	0.250
2027	0.250
2028	0.250
2029	0.250
2030	0.250
2031	0.250
2032	0.250
2033	0.250
2034	0.500
2035	0.250
2036	0.250
2037	0.250
2038	0.250
2039	0.250
2040	0.250
2041	0.250
2042	0.250
2043	0.250
2044	0.250
2045	0.250
2046	0.250
2047	0.250
2048	0.250
2049	0.000
2050	0.000
2051	0.000
2052	0.250
2053	0.000
2054	0.000
2055	0.000
2056	0.000
2057	0.250
2058	0.250
2059	0.000
2060	0.000
2061	0.000
2062	0.000
2063	0.500
2064	0.000
2065	0.000
2066	0.000
2067	0.000
2068	0.000
2069	0.250
2070	0.250
2071	0.250
2072	0.250
2073	0.250
2074	0.250
2075	0.250
2076	0.250
2077	0.250
2078	0.250
2079	0.250
2080	0.250
2081	0.250
2082	0.250
2083	0.250
2084	0.500
2085	0.250
2086	0.250
2087	0.250
2088	0.500
2089	0.250
2090	0.250
2091	0.250
2092	0.250
2093	0.250
2094	0.500
2095	0.250
2096	0.250
2097	0.250
2098	0.250
2099	0.250
2100	0.250
2101	0.250
2102	0.250
2103	0.250
2104	0.250
2105	0.250
2106	0.250
2107	0.250
2108	0.250
2109	0.250
2110	0.250
2111	0.250
2112	0.250
2113	0.250
2114	0.250
2115	0.250
2116	0.250
2117	0.250
2118	0.250
2119	0.250
2120	0.250
2121	0.250
2122	0.250
2123	0.500
2124	0.250
2125	0.250
2126	0.250
2127	0.250
2128	0.250
2129	0.250
2130	0.250
2131	0.250
2132	0.500
2133	0.250
2134	0.250
2135	0.250
2136	0.250
2137	0.250
2138	0.250
2139	0.250
2140	0.250
2141	0.250
2142	0.500
2143	0.250
2144	0.250
2145	0.250
2146	0.250
2147	0.250
2148	0.250
2149	0.250
2150	0.250
2151	0.500
2152	0.250
2153	0.250
2154	0.250
2155	0.250
2156	0.250
2157	0.250
2158	0.250
2159	0.250
2160	0.250
2161	0.250
2162	0.250
2163	0.250
2164	0.250
2165	0.250
2166	0.250
2167	0.250
2168	0.500
2169	0.250
2170	0.250
2171	0.250
2172	0.250
2173	0.250
2174	0.250
2175	0.250
2176	0.250
2177	0.250
2178	0.250
2179	0.250
2180	0.250
2181	0.250
2182	0.250
2183	0.250
2184	0.250
2185	0.250
2186	0.250
2187	0.250
2188	0.250
2189	0.250
2190	0.250
2191	0.250
2192	0.250
2193	0.250
2194	0.250
2195	0.250
2196	0.250
2197	0.250
2198	0.250
2199	0.250
2200	0.250
2201	0.250
2202	0.250
2203	0.250
2204	0.250
2205	0.250
2206	0.250
2207	0.250
2208	0.250
2209	0.250
2210	0.250
2211	0.250
2212	0.250
2213	0.250
2214	0.250
2215	0.250
2216	0.500
2217	0.250
2218	0.250
2219	0.250
2220	0.250
2221	0.250
2222	0.250
2223	0.250
2224	0.500
2225	0.250
2226	0.250
2227	0.250
2228	0.250
2229	0.250
2230	0.000
2231	0.000
2232	0.000
2233	0.000
2234	0.000
2235	0.000
2236	0.000
2237	0.000
2238	0.250
2239	0.000
2240	0.000
2241	0.000
2242	0.000
2243	0.000
2244	0.000
2245	0.000
2246	0.000
2247	0.000
2248	0.000
2249	0.000
2250	0.000
2251	0.000
2252	0.000
2253	0.000
2254	0.000
2255	0.000
2256	0.000
2257	0.000
2258	0.000
2259	0.000
2260	0.000
2261	0.000
2262	0.000
2263	0.000
2264	0.000
2265	0.000
2266	0.000
2267	0.000
2268	0.000
2269	0.000
2270	0.000
2271	0.000
2272	0.000
2273	0.000
2274	0.000
2275	0.000
2276	0.000
2277	0.000
2278	0.000
2279	0.000
2280	0.000
2281	0.000
2282	0.000
2283	0.000
2284	0.000
2285	0.000
2286	0.000
2287	0.000
2288	0.000
2289	0.000
2290	0.000
2291	0.000
2292	0.000
2293	0.000
2294	0.000
2295	0.000
2296	0.000
2297	0.000
2298	0.000
2299	0.000
2300	0.000
2301	0.000
2302	0.000
2303	0.000
2304	0.000
2305	0.000
2306	0.000
2307	0.000
2308	0.000
2309	0.000
2310	0.000
2311	0.000
2312	0.000
2313	0.250
2314	0.000
2315	0.000
2316	0.000
2317	0.250
2318	0.000
2319	0.000
2320	0.000
2321	0.000
2322	0.000
2323	0.000
2324	0.250
2325	0.000
2326	0.000
2327	0.000
2328	0.000
2329	0.000
2330	0.000
2331	0.000
2332	0.000
2333	0.000
2334	0.000
2335	0.000
2336	0.000
2337	0.000
2338	0.000
2339	0.000
2340	0.000
2341	0.000
2342	0.000
2343	0.000
2344	0.000
2345	0.000
2346	0.000
2347	0.000
2348	0.000
2349	0.000
2350	0.000
2351	0.250
2352	0.250
2353	0.250
2354	0.250
2355	0.250
2356	0.250
2357	0.250
2358	0.250
2359	0.250
2360	0.250
2361	0.250
2362	0.250
2363	0.250
2364	0.250
2365	0.250
2366	0.250
2367	0.250
2368	0.250
2369	0.250
2370	0.250
2371	0.250
2372	0.250
2373	0.250
2374	0.250
2375	0.250
2376	0.250
2377	0.250
2378	0.250
2379	0.250
2380	0.250
2381	0.250
2382	0.250
2383	0.250
2384	0.250
2385	0.250
2386	0.250
2387	0.250
2388	0.250
2389	0.250
2390	0.250
2391	0.250
2392	0.250
2393	0.250
2394	0.250
2395	0.250
2396	0.250
2397	0.250
2398	0.250
2399	0.250
2400	0.250
2401	0.250
2402	0.250
2403	0.250
2404	0.250
2405	0.250
2406	0.250
2407	0.500
2408	0.250
2409	0.250
2410	0.250
2411	0.250
2412	0.250
2413	0.250
2414	0.250
2415	0.250
2416	0.250
2417	0.250
2418	0.250
2419	0.250
2420	0.250
2421	0.250
2422	0.250
2423	0.250
2424	0.250
2425	0.250
2426	0.250
2427	0.250
2428	0.250
2429	0.250
2430	0.250
2431	0.250
2432	0.250
2433	0.250
2434	0.250
2435	0.250
2436	0.250
2437	0.250
2438	0.250
2439	0.250
2440	0.250
2441	0.250
2442	0.250
2443	0.250
2444	0.250
2445	0.250
2446	0.250
2447	0.250
2448	0.250
2449	0.250
2450	0.250
2451	0.250
2452	0.250
2453	0.250
2454	0.250
2455	0.250
2456	0.250
2457	0.250
2458	0.250
2459	0.250
2460	0.250
2461	0.250
2462	0.250
2463	0.250
2464	0.250
2465	0.250
2466	0.250
2467	0.250
2468	0.250
2469	0.250
2470	0.250
2471	0.250
2472	0.250
2473	0.250
2474	0.250
2475	0.250
2476	0.250
2477	0.250
2478	0.250
2479	0.250
2480	0.250
2481	0.250
2482	0.250
2483	0.250
2484	0.250
2485	0.250
2486	0.250
2487	0.250
2488	0.250
2489	0.250
2490	0.250
2491	0.250
2492	0.250
2493	0.250
2494	0.250
2495	0.250
2496	0.250
2497	0.250
2498	0.250
2499	0.250
2500	0.250
2501	0.250
2502	0.250
2503	0.250
2504	0.250
2505	0.250
2506	0.250
2507	0.250
2508	0.250
2509	0.250
2510	0.250
2511	0.000
2512	0.000
2513	0.000
2514	0.000
2515	0.000
2516	0.000
2517	0.000
2518	0.000
2519	0.000
2520	0.000
2521	0.000
2522	0.000
2523	0.000
2524	0.000
2525	0.000
2526	0.000
2527	0.000
2528	0.000
2529	0.000
2530	0.000
2531	0.000
2532	0.000
2533	0.000
2534	0.000
2535	0.000
2536	0.000
2537	0.000
2538	0.000
2539	0.000
2540	0.000
2541	0.000
2542	0.000
2543	0.000
2544	0.000
2545	0.000
2546	0.000
2547	0.000
2548	0.000
2549	0.000
2550	0.000
2551	0.000
2552	0.000
2553	0.000
2554	0.000
2555	0.000
2556	0.250
2557	0.000
2558	0.000
2559	0.000
2560	0.000
2561	0.000
2562	0.000
2563	0.000
2564	0.000
2565	0.000
2566	0.000
2567	0.000
2568	0.000
2569	0.000
2570	0.000
2571	0.000
2572	0.000
2573	0.000
2574	0.000
2575	0.000
2576	0.000
2577	0.000
2578	0.000
2579	0.000
2580	0.000
2581	0.000
2582	0.000
2583	0.000
2584	0.000
2585	0.000
2586	0.250
2587	0.000
2588	0.000
2589	0.250
2590	0.250
2591	0.250
2592	0.000
2593	0.250
2594	0.000
2595	0.000
2596	0.000
2597	0.000
2598	0.000
2599	0.000
2600	0.000
2601	0.000
2602	0.000
2603	0.000
2604	0.000
2605	0.000
2606	0.000
2607	0.000
2608	0.000
2609	0.000
2610	0.000
2611	0.000
2612	0.000
2613	0.000
2614	0.000
2615	0.000
2616	0.000
2617	0.000
2618	0.000
2619	0.000
2620	0.000
2621	0.000
2622	0.000
2623	0.000
2624	0.000
2625	0.000
2626	0.000
2627	0.000
2628	0.000
2629	0.000
2630	0.000
2631	0.000
2632	0.000
2633	0.000
2634	0.000
2635	0.000
2636	0.000
2637	0.000
2638	0.000
2639	0.000
2640	0.000
2641	0.000
2642	0.000
2643	0.000
2644	0.000
2645	0.000
2646	0.250
2647	0.000
2648	0.000
2649	0.000
2650	0.000
2651	0.000
2652	0.000
2653	0.000
2654	0.000
2655	0.000
2656	0.000
2657	0.000
2658	0.000
2659	0.000
2660	0.000
2661	0.000
2662	0.000
2663	0.000
2664	0.000
2665	0.000
2666	0.000
2667	0.000
2668	0.000
2669	0.000
2670	0.000
2671	0.000
2672	0.000
2673	0.000
2674	0.000
2675	0.000
2676	0.000
2677	0.000
2678	0.000
2679	0.000
2680	0.000
2681	0.000
2682	0.000
2683	0.250
2684	0.000
2685	0.000
2686	0.000
2687	0.000
2688	0.000
2689	0.000
2690	0.000
2691	0.000
2692	0.000
2693	0.000
2694	0.000
2695	0.000
2696	0.000
2697	0.000
2698	0.000
2699	0.000
2700	0.000
2701	0.000
2702	0.000
2703	0.000
2704	0.000
2705	0.000
2706	0.000
2707	0.000
2708	0.000
2709	0.000
2710	0.000
2711	0.000
2712	0.000
2713	0.000
2714	0.000
2715	0.000
2716	0.000
2717	0.000
2718	0.000
2719	0.000
2720	0.000
2721	0.000
2722	0.000
2723	0.000
2724	0.000
2725	0.000
2726	0.000
2727	0.000
2728	0.000
2729	0.000
2730	0.000
2731	0.000
2732	0.000
2733	0.000
2734	0.000
2735	0.000
2736	0.000
2737	0.000
2738	0.000
2739	0.000
2740	0.000
2741	0.000
2742	0.000
2743	0.000
2744	0.000
2745	0.000
2746	0.000
2747	0.000
2748	0.000
2749	0.000
2750	0.000
2751	0.000
2752	0.000
2753	0.000
2754	0.000
2755	0.000
2756	0.000
2757	0.000
2758	0.000
2759	0.000
2760	0.000
2761	0.000
2762	0.000
2763	0.000
2764	0.000
2765	0.000
2766	0.000
2767	0.000
2768	0.000
2769	0.000
2770	0.000
2771	0.000
2772	0.000
2773	0.000
2774	0.000
2775	0.000
2776	0.000
2777	0.000
2778	0.000
2779	0.000
2780	0.000
2781	0.000
2782	0.000
2783	0.000
2784	0.500
2785	0.250
2786	0.250
2787	0.250
2788	0.250
2789	0.250
2790	0.250
2791	0.250
2792	0.250
2793	0.250
2794	0.250
2795	0.250
2796	0.250
2797	0.250
2798	0.250
2799	0.250
2800	0.250
2801	0.250
2802	0.250
2803	0.250
2804	0.250
2805	0.250
2806	0.250
2807	0.250
2808	0.250
2809	0.250
2810	0.250
2811	0.250
2812	0.250
2813	0.250
2814	0.250
2815	0.250
2816	0.250
2817	0.250
2818	0.250
2819	0.250
2820	0.250
2821	0.250
2822	0.250
2823	0.500
2824	0.250
2825	0.250
2826	0.250
2827	0.250
2828	0.250
2829	0.250
2830	0.250
2831	0.250
2832	0.250
2833	0.250
2834	0.250
2835	0.500
2836	0.250
2837	0.500
2838	0.250
2839	0.250
2840	0.250
2841	0.250
2842	0.250
2843	0.250
2844	0.250
2845	0.250
2846	0.250
2847	0.250
2848	0.250
2849	0.250
2850	0.250
2851	0.250
2852	0.250
2853	0.250
2854	0.250
2855	0.250
2856	0.250
2857	0.250
2858	0.250
2859	0.250
2860	0.250
2861	0.250
2862	0.250
2863	0.250
2864	0.250
2865	0.250
2866	0.250
2867	0.250
2868	0.250
2869	0.500
2870	0.250
2871	0.250
2872	0.250
2873	0.250
2874	0.500
2875	0.250
2876	0.250
2877	0.250
2878	0.250
2879	0.250
2880	0.250
2881	0.250
2882	0.250
2883	0.500
2884	0.250
2885	0.250
2886	0.250
2887	0.250
2888	0.250
2889	0.250
2890	0.250
2891	0.250
2892	0.250
2893	0.250
2894	0.250
2895	0.250
2896	0.250
2897	0.250
2898	0.250
2899	0.250
2900	0.250
2901	0.500
2902	0.250
2903	0.250
2904	0.250
2905	0.250
2906	0.250
2907	0.250
2908	0.250
2909	0.250
2910	0.250
2911	0.250
2912	0.250
2913	0.250
2914	0.250
2915	0.250
2916	0.250
2917	0.250
2918	0.250
2919	0.250
2920	0.250
2921	0.250
2922	0.250
2923	0.250
2924	0.250
2925	0.250
2926	0.250
2927	0.250
2928	0.500
2929	0.250
2930	0.250
2931	0.250
2932	0.250
2933	0.250
2934	0.250
2935	0.250
2936	0.250
2937	0.250
2938	0.250
2939	0.250
2940	0.250
2941	0.250
2942	0.250
2943	0.250
2944	0.250
2945	0.250
2946	0.250
2947	0.250
2948	0.250
2949	0.250
2950	0.250
2951	0.250
2952	0.250
2953	0.250
2954	0.250
2955	0.250
2956	0.250
2957	0.250
2958	0.250
2959	0.250
2960	0.250
2961	0.250
2962	0.250
2963	0.250
2964	0.250
2965	0.500
2966	0.250
2967	0.250
2968	0.250
2969	0.250
2970	0.250
2971	0.250
2972	0.250
2973	0.250
2974	0.250
2975	0.250
2976	0.250
2977	0.250
2978	0.250
2979	0.250
2980	0.250
2981	0.250
2982	0.250
2983	0.250
2984	0.250
2985	0.250
2986	0.250
2987	0.250
2988	0.250
2989	0.250
2990	0.250
2991	0.250
2992	0.250
2993	0.250
2994	0.250
2995	0.250
2996	0.250
2997	0.250
2998	0.250
2999	0.250
3000	0.250
3001	0.250
3002	0.250
3003	0.250
3004	0.250
3005	0.250
3006	0.250
3007	0.250
3008	0.250
3009	0.250
3010	0.250
3011	0.250
3012	0.250
3013	0.250
3014	0.250
3015	0.250
3016	0.250
3017	0.250
3018	0.250
3019	0.250
3020	0.250
3021	0.250
3022	0.250
3023	0.250
3024	0.250
3025	0.250
3026	0.250
3027	0.250
3028	0.250
3029	0.250
3030	0.250
3031	0.250
3032	0.250
3033	0.250
3034	0.250
3035	0.250
3036	0.250
3037	0.250
3038	0.250
3039	0.250
3040	0.250
3041	0.250
3042	0.250
3043	0.250
3044	0.250
3045	0.250
3046	0.250
3047	0.250
3048	0.250
3049	0.250
3050	0.250
3051	0.250
3052	0.250
3053	0.250
3054	0.250
3055	0.250
3056	0.250
3057	0.250
3058	0.250
3059	0.250
3060	0.250
3061	0.250
3062	0.250
3063	0.250
3064	0.250
3065	0.250
3066	0.250
3067	0.250
3068	0.250
3069	0.250
3070	0.250
3071	0.250
3072	0.250
3073	0.250
3074	0.250
3075	0.250
3076	0.250
3077	0.250
3078	0.250
3079	0.250
3080	0.250
3081	0.250
3082	0.250
3083	0.250
3084	0.250
3085	0.250
3086	0.250
3087	0.250
3088	0.250
3089	0.250
3090	0.250
3091	0.250
3092	0.250
3093	0.250
3094	0.250
3095	0.250
3096	0.250
3097	0.250
3098	0.250
3099	0.250
3100	0.250
3101	0.500
3102	0.250
3103	0.250
3104	0.250
3105	0.250
3106	0.250
3107	0.250
3108	0.250
3109	0.250
3110	0.250
3111	0.250
3112	0.250
3113	0.250
3114	0.250
3115	0.250
3116	0.250
3117	0.250
3118	0.250
3119	0.250
3120	0.250
3121	0.250
3122	0.250
3123	0.250
3124	0.250
3125	0.250
3126	0.250
3127	0.250
3128	0.250
3129	0.250
3130	0.250
3131	0.250
3132	0.250
3133	0.250
3134	0.250
3135	0.250
3136	0.250
3137	0.250
3138	0.250
3139	0.250
3140	0.250
3141	0.250
3142	0.250
3143	0.250
3144	0.250
3145	0.250
3146	0.250
3147	0.250
3148	0.250
3149	0.250
3150	0.250
3151	0.250
3152	0.250
3153	0.250
3154	0.250
3155	0.250
3156	0.250
3157	0.250
3158	0.250
3159	0.250
3160	0.250
3161	0.250
3162	0.250
3163	0.250
3164	0.250
3165	0.250
3166	0.250
3167	0.250
3168	0.250
3169	0.250
3170	0.250
3171	0.250
3172	0.250
3173	0.250
3174	0.250
3175	0.250
3176	0.250
3177	0.250
3178	0.250
3179	0.250
3180	0.250
3181	0.000
3182	0.000
3183	0.000
3184	0.000
3185	0.000
3186	0.000
3187	0.000
3188	0.000
3189	0.000
3190	0.000
3191	0.000
3192	0.000
3193	0.000
3194	0.000
3195	0.000
3196	0.000
3197	0.000
3198	0.000
3199	0.000
3200	0.000
3201	0.000
3202	0.000
3203	0.000
3204	0.000
3205	0.000
3206	0.000
3207	0.250
3208	0.000
3209	0.000
3210	0.000
3211	0.000
3212	0.000
3213	0.000
3214	0.000
3215	0.000
3216	0.000
3217	0.000
3218	0.000
3219	0.000
3220	0.000
3221	0.000
3222	0.000
3223	0.000
3224	0.000
3225	0.000
3226	0.000
3227	0.000
3228	0.000
3229	0.000
3230	0.000
3231	0.000
3232	0.000
3233	0.000
3234	0.000
3235	0.000
3236	0.000
3237	0.000
3238	0.000
3239	0.000
3240	0.000
3241	0.000
3242	0.000
3243	0.000
3244	0.000
3245	0.000
3246	0.000
3247	0.000
3248	0.000
3249	0.000
3250	0.000
3251	0.000
3252	0.000
3253	0.000
3254	0.000
3255	0.000
3256	0.000
3257	0.000
3258	0.000
3259	0.000
3260	0.000
3261	0.000
3262	0.000
3263	0.000
3264	0.000
3265	0.000
3266	0.000
3267	0.000
3268	0.000
3269	0.000
3270	0.000
3271	0.000
3272	0.000
3273	0.000
3274	0.000
3275	0.000
3276	0.000
3277	0.000
3278	0.250
3279	0.000
3280	0.000
3281	0.000
3282	0.000
3283	0.000
3284	0.000
3285	0.000
3286	0.000
3287	0.000
3288	0.000
3289	0.000
3290	0.000
3291	0.000
3292	0.000
3293	0.000
3294	0.000
3295	0.250
3296	0.000
3297	0.000
3298	0.000
3299	0.000
3300	0.000
3301	0.000
3302	0.000
3303	0.000
3304	0.000
3305	0.000
3306	0.000
3307	0.000
3308	0.000
3309	0.000
3310	0.000
3311	0.000
3312	0.000
3313	0.000
3314	0.000
3315	0.000
3316	0.000
3317	0.000
3318	0.000
3319	0.000
3320	0.000
3321	0.000
3322	0.250
3323	0.000
3324	0.000
3325	0.000
3326	0.000
3327	0.000
3328	0.000
3329	0.000
3330	0.000
3331	0.500
3332	0.000
3333	0.000
3334	0.000
3335	0.000
3336	0.000
3337	0.000
3338	0.000
3339	0.000
3340	0.000
3341	0.000
3342	0.000
3343	0.000
3344	0.000
3345	0.000
3346	0.000
3347	0.000
3348	0.000
3349	0.000
3350	0.000
3351	0.000
3352	0.000
3353	0.000
3354	0.000
3355	0.000
3356	0.000
3357	0.000
3358	0.000
3359	0.000
3360	0.000
3361	0.000
3362	0.000
3363	0.000
3364	0.000
3365	0.000
3366	0.000
3367	0.000
3368	0.000
3369	0.000
3370	0.000
3371	0.000
3372	0.000
3373	0.250
3374	0.000
3375	0.000
3376	0.000
3377	0.000
3378	0.000
3379	0.000
3380	0.000
3381	0.000
3382	0.000
3383	0.000
3384	0.000
3385	0.000
3386	0.000
3387	0.000
3388	0.000
3389	0.000
3390	0.000
3391	0.000
3392	0.250
3393	0.000
3394	0.000
3395	0.000
3396	0.000
3397	0.000
3398	0.000
3399	0.000
3400	0.000
3401	0.000
3402	0.000
3403	0.000
3404	0.000
3405	0.000
3406	0.000
3407	0.000
3408	0.000
3409	0.000
3410	0.000
3411	0.000
3412	0.000
3413	0.000
3414	0.000
3415	0.000
3416	0.000
3417	0.000
3418	0.000
3419	0.000
3420	0.000
3421	0.000
3422	0.000
3423	0.000
3424	0.000
3425	0.000
3426	0.000
3427	0.000
3428	0.000
3429	0.000
3430	0.000
3431	0.000
3432	0.000
3433	0.000
3434	0.000
3435	0.000
3436	0.000
3437	0.000
3438	0.000
3439	0.000
3440	0.000
3441	0.000
3442	0.000
3443	0.000
3444	0.000
3445	0.000
3446	0.000
3447	0.000
3448	0.000
3449	0.250
3450	0.000
3451	0.000
3452	0.000
3453	0.000
3454	0.000
3455	0.000
3456	0.000
3457	0.000
3458	0.000
3459	0.250
3460	0.000
3461	0.000
3462	0.000
3463	0.000
3464	0.000
3465	0.250
3466	0.000
3467	0.000
3468	0.000
3469	0.000
3470	0.000
3471	0.000
3472	0.000
3473	0.000
3474	0.000
3475	0.000
3476	0.000
3477	0.000
3478	0.000
3479	0.000
3480	0.000
3481	0.000
3482	0.000
3483	0.000
3484	0.000
3485	0.000
3486	0.000
3487	0.000
3488	0.000
3489	0.000
3490	0.000
3491	0.000
3492	0.000
3493	0.000
3494	0.000
3495	0.000
3496	0.000
3497	0.000
3498	0.000
3499	0.000
3500	0.000
3501	0.000
3502	0.000
3503	0.000
3504	0.000
3505	0.000
3506	0.000
3507	0.000
3508	0.000
3509	0.000
3510	0.000
3511	0.000
3512	0.000
3513	0.000
3514	0.000
3515	0.000
3516	0.000
3517	0.000
3518	0.000
3519	0.000
3520	0.000
3521	0.000
3522	0.000
3523	0.000
3524	0.000
3525	0.000
3526	0.000
3527	0.000
3528	0.000
3529	0.000
3530	0.000
3531	0.000
3532	0.000
3533	0.000
3534	0.000
3535	0.000
3536	0.000
3537	0.000
3538	0.000
3539	0.000
3540	0.000
3541	0.000
3542	0.000
3543	0.000
3544	0.000
3545	0.000
3546	0.000
3547	0.250
3548	0.000
3549	0.000
3550	0.000
3551	0.000
3552	0.000
3553	0.000
3554	0.000
3555	0.000
3556	0.000
3557	0.000
3558	0.000
3559	0.000
3560	0.000
3561	0.000
3562	0.000
3563	0.000
3564	0.250
3565	0.000
3566	0.000
3567	0.000
3568	0.000
3569	0.000
3570	0.000
3571	0.000
3572	0.000
3573	0.000
3574	0.250
3575	0.000
3576	0.000
3577	0.000
3578	0.000
3579	0.000
3580	0.000
3581	0.000
3582	0.000
3583	0.000
3584	0.000
3585	0.000
3586	0.000
3587	0.000
3588	0.000
3589	0.000
3590	0.000
3591	0.000
3592	0.000
3593	0.000
3594	0.000
3595	0.000
3596	0.000
3597	0.000
3598	0.000
3599	0.000
3600	0.000
3601	0.000
3602	0.000
3603	0.000
3604	0.000
3605	0.000
3606	0.000
3607	0.000
3608	0.000
3609	0.000
3610	0.000
3611	0.000
3612	0.000
3613	0.000
3614	0.000
3615	0.000
3616	0.000
3617	0.000
3618	0.000
3619	0.000
3620	0.000
3621	0.000
3622	0.000
3623	0.000
3624	0.000
3625	0.000
3626	0.000
3627	0.000
3628	0.000
3629	0.000
3630	0.000
3631	0.000
3632	0.000
3633	0.000
3634	0.000
3635	0.000
3636	0.000
3637	0.000
3638	0.000
3639	0.000
3640	0.000
3641	0.000
3642	0.000
3643	0.000
3644	0.000
3645	0.000
3646	0.000
3647	0.000
3648	0.000
3649	0.000
3650	0.000
3651	0.000
3652	0.000
3653	0.000
3654	0.000
3655	0.000
3656	0.000
3657	0.000
3658	0.000
3659	0.000
3660	0.000
3661	0.000
3662	0.000
3663	0.000
3664	0.000
3665	0.000
3666	0.250
3667	0.000
3668	0.000
3669	0.000
3670	0.000
3671	0.000
3672	0.000
3673	0.000
3674	0.000
3675	0.000
3676	0.000
3677	0.000
3678	0.000
3679	0.000
3680	0.000
3681	0.000
3682	0.000
3683	0.000
3684	0.000
3685	0.000
3686	0.000
3687	0.000
3688	0.000
3689	0.000
3690	0.000
3691	0.000
3692	0.000
3693	0.250
3694	0.000
3695	0.000
3696	0.000
3697	0.000
3698	0.000
3699	0.000
3700	0.000
3701	0.000
3702	0.000
3703	0.000
3704	0.000
3705	0.000
3706	0.000
3707	0.000
3708	0.250
3709	0.000
3710	0.000
3711	0.000
3712	0.000
3713	0.000
3714	0.000
3715	0.000
3716	0.000
3717	0.000
3718	0.000
3719	0.000
3720	0.000
3721	0.000
3722	0.000
3723	0.000
3724	0.000
3725	0.000
3726	0.000
3727	0.000
3728	0.000
3729	0.000
3730	0.000
3731	0.000
3732	0.000
3733	0.000
3734	0.000
3735	0.000
3736	0.000
3737	0.000
3738	0.000
3739	0.000
3740	0.000
3741	0.000
3742	0.000
3743	0.000
3744	0.000
3745	0.000
3746	0.000
3747	0.000
3748	0.000
3749	0.000
3750	0.000
3751	0.000
3752	0.000
3753	0.000
3754	0.000
3755	0.000
3756	0.000
3757	0.000
3758	0.000
3759	0.000
3760	0.000
3761	0.000
3762	0.000
3763	0.000
3764	0.000
3765	0.000
3766	0.000
3767	0.000
3768	0.000
3769	0.000
3770	0.000
3771	0.000
3772	0.000
3773	0.000
3774	0.000
3775	0.000
3776	0.000
3777	0.000
3778	0.000
3779	0.000
3780	0.000
3781	0.000
3782	0.000
3783	0.000
3784	0.000
3785	0.250
3786	0.250
3787	0.250
3788	0.250
3789	0.250
3790	0.250
3791	0.250
3792	0.250
3793	0.250
3794	0.250
3795	0.250
3796	0.250
3797	0.250
3798	0.250
3799	0.250
3800	0.250
3801	0.250
3802	0.250
3803	0.250
3804	0.250
3805	0.250
3806	0.250
3807	0.250
3808	0.250
3809	0.500
3810	0.250
3811	0.250
3812	0.250
3813	0.250
3814	0.250
3815	0.250
3816	0.250
3817	0.250
3818	0.250
3819	0.250
3820	0.250
3821	0.250
3822	0.250
3823	0.250
3824	0.250
3825	0.250
3826	0.250
3827	0.250
3828	0.250
3829	0.250
3830	0.250
3831	0.250
3832	0.000
3833	0.000
3834	0.000
3835	0.000
3836	0.000
3837	0.000
3838	0.000
3839	0.000
3840	0.000
3841	0.000
3842	0.000
3843	0.000
